Compound,SMILE,FP-2 IC50 (uM),FP-2 pIC50 (uM)
2,OCCCc1sc(\C=C\C(=O)CSCCCc2ccccc2)nc1CCc1ccccc1,6.6,5.180456064458132
4,O=CCCc1sc(CCC(=O)CSCCCc2ccccc2)nc1CCc1ccccc1,39.1,4.407823242604133
8,NC(=O)CCc1sc(NC(=O)CSCCCc2ccccc2)nc1\C=C\c1ccccc1,15.3,4.815308569182402
14,CCCC\C(=N/NC(N)=S)c1ccc(Cl)c(Cl)c1,0.62,6.2076083105017466
15,CC(C)(C)C(=N/NC(N)=S)\c1ccc(Cl)c(Cl)c1,0.5,6.301029995663981
16,NC(=S)N\N=C(/C1CCCCC1)c1ccc(Cl)c(Cl)c1,14.0,4.853871964321762
17,NC(=S)N\N=C(/C=C/c1ccccc1)\c1ccc(Cl)c(Cl)c1,0.47,6.327902142064283
18,NC(=S)N\N=C(/Cc1ccccc1)c1ccc(Cl)c(Cl)c1,8.4,5.075720713938118
19,Cc1ccc(cc1)C(=N/NC(N)=S)\c1ccc(Cl)c(Cl)c1,1.8,5.7447274948966935
20,NC(=S)N\N=C(/C1CC1c1ccccc1)c1ccc(Cl)c(Cl)c1,0.64,6.1938200260161125
21,NC(=S)N\N=C(/COc1ccccc1)c1ccc(Cl)c(Cl)c1,0.375,6.425968732272281
22,NC(=S)N\N=C(/CCc1ccccc1)c1ccc(Cl)c(Cl)c1,2.6,5.585026652029182
30,CCN(CC)Cc1c(O)ccc(\C=N\NC(N)=S)c1O,11.07,4.955852379121278
31,NC(=S)N\N=C/c1ccc(O)c(CN2CCCC2)c1O,5.85,5.23284413391782
32,NC(=S)N\N=C/c1ccc(O)c(CN2CCCCC2)c1O,3.8,5.42021640338319
34,CN1CCN(Cc2c(O)ccc(\C=N/NC(N)=S)c2O)CC1,18.22,4.739451627363021
35,NC(=S)N\N=C/c1ccc(O)c(CN2CCN(CC2)c2ccnc3cc(Cl)ccc23)c1O,2.25,5.647817481888637
38,CCN(CC)c1c(O)ccc(\C=N\NC(=O)NCCNc2ccnc3cc(Cl)ccc23)c1C,2.6,5.585026652029182
39,Cc1c(\C=N\NC(=O)NCCNc2ccnc3cc(Cl)ccc23)ccc(O)c1N1CCCC1,0.72,6.142667503568732
40,Cc1c(\C=N\NC(=O)NCCNc2ccnc3cc(Cl)ccc23)ccc(O)c1N1CCCCC1,0.63,6.200659450546418
43,Oc1ccc(\C=N\NC(=O)NCCNc2ccnc3cc(Cl)ccc23)c(O)c1CN1CCN(CC1)c1ccnc2cc(Cl)ccc12,3.16,5.5003129173815966
54,O=S(=O)(NCc1ccco1)c1ccc-2c(Cc3cc(ccc-23)S(=O)(=O)NCc2ccco2)c1,1.4,5.853871964321762
55,O=S(=O)(N1CCOCC1)c1ccc(s1)-c1ccc(s1)S(=O)(=O)N1CCOCC1,5.4,5.267606240177032
56,Fc1cccc(Cl)c1CO\N=C/NNC(=O)Cn1nnc(n1)-c1ccccc1,10.8,4.966576244513051
57,CCOC(=O)c1c2cc(OCC(=O)NCc3ccco3)ccc2n2ccccc12,13.8,4.860120913598763
58,COC(=O)c1ccsc1NC(=O)CN1CCN(CC1)S(=O)(=O)c1ccc(Cl)cc1,14.3,4.844663962534939
59,O=C(CCSSCCC(=O)NCc1ccccc1)NCc1ccccc1,15.3,4.815308569182402
60,Cc1ccc(cc1)S(=O)(=O)NC(=O)NCC1CCN(CC1)S(=O)(=O)c1ccccc1,19.0,4.721246399047171
61,Clc1ccc(CS(=O)(=O)Cc2nc(no2)-c2ccsc2)cc1,47.8,4.320572103387881
62,Cc1cccc(NC(=O)Cn2c(O)c(N=NC(=O)C(=O)NCc3ccccc3)c3ccccc23)c1,1.6,5.795880017344075
63,CN(C)S(=O)(=O)c1ccc(C)c(NS(=O)(=O)c2ccc(s2)-c2ccon2)c1,2.9,5.537602002101044
64,CCCS(=O)(=O)c1cscc1NC(=O)CSCCS(=O)(=O)c1ccc(Cl)cc1,3.4,5.468521082957745
65,CCCc1cc(O)nc(SCC(=O)NCCSCc2ccco2)n1,4.6,5.337242168318426
66,Cn1c(O)c(N=NC(=O)CCCCC(=O)N=Nc2c(O)n(C)c3ccccc23)c2ccccc12,6.5,5.187086643357144
67,COC(=O)c1sccc1NC(=O)CC(=O)Nc1ccsc1C(=O)OC,10.4,4.982966660701219
68,Cc1nc(C)nc(n1)N(CCS(=O)(=O)c1ccccc1)CCS(=O)(=O)c1ccccc1,13.2,4.87942606879415
69,Fc1ccc(CS(=O)(=O)CC(=N)NOC(=O)c2cccs2)cc1,50.0,4.301029995663981
70,Oc1nnc(SCC(=O)c2ccc3OCCOc3c2)n1Cc1ccco1,52.3,4.281498311132726
71,Cc1csc(Cn2nc(CC(=O)N\N=C\c3ccccc3)c3ccccc3c2=O)n1,54.3,4.265200170411153
72,CC(C)CC(NC(=O)C1OC1C(O)=O)C(=O)NCCCCNC(N)=N,0.015,7.823908740944319
73,OC1=C2Sc3cc(Cl)ccc3N=C2CCC1,40.0,4.3979400086720375
74,CC1(C)CC(O)=C2Sc3cc(Cl)ccc3N=C2C1,30.0,4.522878745280337
75,OC1=C2Sc3cc(Cl)ccc3N=C2CC(C1)c1ccccc1,10.0,5.0
76,COc1cccc(c1)C1CC(O)=C2Sc3cc(Cl)ccc3N=C2C1,20.0,4.698970004336019
77,COc1ccc(cc1)C1CC(O)=C2Sc3cc(Cl)ccc3N=C2C1,10.0,5.0
78,COc1cccc(C2CC(O)=C3Sc4cc(Cl)ccc4N=C3C2)c1OC,10.0,5.0
79,COc1ccc(cc1OC)C1CC(O)=C2Sc3cc(Cl)ccc3N=C2C1,30.0,4.522878745280337
80,OC1=C2Sc3cc(Cl)ccc3N=C2CC(C1)c1ccc(Cl)cc1,4.0,5.3979400086720375
81,OC1=C2Sc3cc(Cl)ccc3N=C2CC(C1)c1ccc(Cl)cc1Cl,10.0,5.0
82,CC1(C)CC(O)=C2Sc3cc(F)ccc3N=C2C1,60.0,4.221848749616356
83,OC1=C2Sc3cc(F)ccc3N=C2CC(C1)c1ccccc1,20.0,4.698970004336019
84,COc1cccc(c1)C1CC(O)=C2Sc3cc(F)ccc3N=C2C1,20.0,4.698970004336019
85,COc1cccc(C2CC(O)=C3Sc4cc(F)ccc4N=C3C2)c1OC,20.0,4.698970004336019
86,OC1=C2Sc3cc(F)ccc3N=C2CC(C1)c1ccc(Cl)cc1Cl,10.0,5.0
87,OC1=C2Sc3cc(F)ccc3N=C2CC(C1)c1ccc(Cl)cc1,5.0,5.301029995663981
88,COc1ccc(cc1OC)C1CC(O)=C2Sc3cc(F)ccc3N=C2C1,20.0,4.698970004336019
89,CC1(C)CC(O)=C2C(C1)=Nc1ccc(Cl)cc1S2(=O)=O,5.0,5.301029995663981
90,OC1=C2C(CC(C1)c1ccccc1)=Nc1ccc(Cl)cc1S2(=O)=O,4.0,5.3979400086720375
91,COc1ccc(cc1)C1CC(O)=C2C(C1)=Nc1ccc(Cl)cc1S2(=O)=O,30.0,4.522878745280337
92,COc1cccc(C2CC(O)=C3C(C2)=Nc2ccc(Cl)cc2S3(=O)=O)c1OC,4.0,5.3979400086720375
93,COc1ccc(cc1OC)C1CC(O)=C2C(C1)=Nc1ccc(Cl)cc1S2(=O)=O,50.0,4.301029995663981
94,OC1=C2C(CC(C1)c1ccc(Cl)cc1)=Nc1ccc(Cl)cc1S2(=O)=O,4.0,5.3979400086720375
95,OC1=C2C(CC(C1)c1ccc(Cl)cc1Cl)=Nc1ccc(Cl)cc1S2(=O)=O,30.0,4.522878745280337
96,COc1cccc(c1)C1CC(=O)C2=C(C1)Nc1ccc(F)cc1S2(=O)=O,5.0,5.301029995663981
97,COc1ccc(cc1OC)C1CC(O)=C2C(C1)=Nc1ccc(F)cc1S2(=O)=O,5.0,5.301029995663981
98,OC1=C2C(CC(C1)c1ccc(Cl)cc1)=Nc1ccc(F)cc1S2(=O)=O,5.0,5.301029995663981
99,CC1(C)CC(O)=C2C(C1)=Nc1ccc(F)cc1S2(=O)=O,5.0,5.301029995663981
100,OC1OC(=O)C[C@@H]1NC(=O)CN1c2ccccc2C(=N[C@H](COC(=O)Nc2ccccc2)C1=O)c1ccccc1,21.54,4.666754301038037
101,OC1OC(=O)C[C@@H]1NC(=O)CN1c2ccccc2C(=N[C@H](COC(=O)Nc2cccc3ccccc23)C1=O)c1ccccc1,11.19,4.95116991347165
102,COc1ccc(NC(=O)OC[C@H]2N=C(c3ccccc3)c3ccccc3N(CC(=O)N[C@H]3CC(=O)OC3O)C2=O)cc1,8.79,5.056011124926228
103,OC1OC(=O)C[C@@H]1NC(=O)CN1c2ccccc2C(=N[C@H](COC(=O)Nc2ccc(Cl)cc2)C1=O)c1ccccc1,15.04,4.822752163744377
104,OC1OC(=O)C[C@@H]1NC(=O)CN1c2ccccc2C(=N[C@H](COC(=O)Nc2ccc(F)cc2)C1=O)c1ccccc1,16.34,4.786747947803604
105,OC1OC(=O)C[C@@H]1NC(=O)CN1c2ccccc2C(=N[C@H](COC(=O)Nc2ccc(F)cc2F)C1=O)c1ccccc1,13.51,4.869344650977969
106,OC1OC(=O)C[C@@H]1NC(=O)CN1c2ccccc2C(=N[C@H](COC(=O)Nc2c(F)cc(F)cc2Br)C1=O)c1ccccc1,19.15,4.717831221695358
107,Cc1cc(Cl)ccc1NC(=O)OC[C@H]1N=C(c2ccccc2)c2ccccc2N(CC(=O)N[C@H]2CC(=O)OC2O)C1=O,8.25,5.0835460514500745
108,OC1OC(=O)C[C@@H]1NC(=O)CN1c2ccccc2C(=N[C@@H](COC(=O)Nc2ccc(Cl)cc2C(F)(F)F)C1=O)c1ccccc1,8.68,5.061480274823508
110,CC(C)C(NC(=O)OCc1ccccc1)C(=O)NC(Cc1ccccc1)C=O,5.0,5.301029995663981
111,C[C@@H]1CC[C@H]2[C@@H](C)[C@@H](Oc3ccc(\C=N\Nc4cc(C)nc5c(Br)cccc45)cc3)O[C@@H]3O[C@@]4(C)CC[C@@H]1[C@@]23OO4,0.84,6.075720713938118
112,C[C@@H]1CC[C@H]2[C@@H](C)[C@@H](Oc3ccc(\C=N\Nc4cc(C)nc5c(C)cccc45)cc3)O[C@@H]3O[C@@]4(C)CC[C@@H]1[C@@]23OO4,2.28,5.642065152999546
113,C[C@@H]1CC[C@H]2[C@@H](C)[C@@H](Oc3ccc(\C=N\Nc4cc(C)nc5c(C)c(Cl)ccc45)cc3)O[C@@H]3O[C@@]4(C)CC[C@@H]1[C@@]23OO4,0.21,6.6777807052660805
114,C[C@@H]1CC[C@H]2[C@@H](C)[C@@H](Oc3ccc(\C=N\Nc4cc(C)nc5ccc(Cl)cc45)cc3)O[C@@H]3O[C@@]4(C)CC[C@@H]1[C@@]23OO4,0.15,6.823908740944319
115,C[C@@H]1CC[C@H]2[C@@H](C)[C@@H](Oc3ccc(\C=N\Nc4cc(C)nc5c(C)ccc(Cl)c45)cc3)O[C@@H]3O[C@@]4(C)CC[C@@H]1[C@@]23OO4,0.39,6.4089353929735005
116,CCc1cccc2c(N\N=C\c3ccc(O[C@H]4O[C@@H]5O[C@@]6(C)CC[C@H]7[C@H](C)CC[C@@H]([C@H]4C)[C@@]57OO6)cc3)cc(C)nc12,0.52,6.2839966563652006
117,C[C@@H]1CC[C@H]2[C@@H](C)[C@@H](Oc3ccc(\C=N\Nc4cc(C)nc5c(F)cccc45)cc3)O[C@@H]3O[C@@]4(C)CC[C@@H]1[C@@]23OO4,0.28,6.552841968657781
118,C[C@@H]1CC[C@H]2[C@@H](C)[C@@H](Oc3ccc(\C=N\Nc4cc(C)nc5ccc(F)cc45)cc3)O[C@@H]3O[C@@]4(C)CC[C@@H]1[C@@]23OO4,0.67,6.173925197299173
119,C[C@@H]1CC[C@H]2[C@@H](C)[C@@H](Oc3ccc(\C=N\Nc4cc(C)nc5ccccc45)cc3)O[C@@H]3O[C@@]4(C)CC[C@@H]1[C@@]23OO4,0.89,6.050609993355088
120,COc1ccc2nc(C)cc(N\N=C\c3ccc(O[C@H]4O[C@@H]5O[C@@]6(C)CC[C@H]7[C@H](C)CC[C@@H]([C@H]4C)[C@@]57OO6)cc3)c2c1,0.29,6.537602002101044
121,C[C@@H]1CC[C@H]2[C@@H](C)[C@@H](Oc3ccc(\C=N\Nc4cc(C)nc5ccc(Br)cc45)cc3)O[C@@H]3O[C@@]4(C)CC[C@@H]1[C@@]23OO4,0.26,6.585026652029182
122,C[C@@H]1CC[C@H]2[C@@H](C)[C@@H](Oc3ccc(\C=N\Nc4cc(C)nc5cc(Cl)ccc45)cc3)O[C@@H]3O[C@@]4(C)CC[C@@H]1[C@@]23OO4,0.17,6.769551078621726
123,C[C@@H]1CC[C@H]2[C@@H](C)[C@@H](Oc3ccc(\C=N\Nc4cc(C)nc5c(C)c(C)ccc45)cc3)O[C@@H]3O[C@@]4(C)CC[C@@H]1[C@@]23OO4,0.84,6.075720713938118
124,C[C@@H]1CC[C@H]2[C@@H](C)[C@@H](Oc3ccc(\C=N\Nc4cc(C)nc5ccc(C)cc45)cc3)O[C@@H]3O[C@@]4(C)CC[C@@H]1[C@@]23OO4,0.78,6.107905397309519
125,CC(C)C[C@H](NC(=O)[C@H]1O[C@@H]1C(O)=O)C(=O)NCCCCN=C(N)N,0.02,7.698970004336019
127,CC(=NNC(N)=S)c1ccc(cc1)-c1ccccc1,10.0,5.0
139,[O-][N+](=O)c1ccc2NC(=O)C(=O)c2c1,42.6,4.370590400897281
142,NC(=S)N=Nc1c(O)[nH]c2ccccc12,38.8,4.411168274405793
143,Cc1ccc2[nH]c(O)c(N=NC(S)=N)c2c1,43.9,4.357535479757878
144,NC(=S)N=Nc1c(O)[nH]c2ccc(F)cc12,38.6,4.413412695328245
145,NC(=S)N=Nc1c(O)[nH]c2ccc(Cl)cc12,32.8,4.484126156288321
146,NC(=S)N=Nc1c(O)[nH]c2ccc(Br)cc12,29.6,4.528708288941061
147,NC(=S)N=Nc1c(O)[nH]c2ccc(I)cc12,28.7,4.542118103266008
148,NC(=S)N=Nc1c(O)[nH]c2ccc(cc12)[N+]([O-])=O,4.4,5.356547323513812
149,Cc1cc(C)c2[nH]c(O)c(N=NC(S)=N)c2c1,13.2,4.87942606879415
150,Cc1cc(Cl)cc2c(N=NC(S)=N)c(O)[nH]c12,9.4,5.026872146400302
151,CN1C(=O)C(=O)c2ccccc12,51.0,4.292429823902063
152,O=C1N(c2ccccc2C1=O)c1ccccc1,51.0,4.292429823902063
153,O=C1N(Cc2ccccc2)c2ccccc2C1=O,51.0,4.292429823902063
154,O=C1N(c2ccccc2C1=O)S(=O)(=O)c1ccccc1,51.0,4.292429823902063
155,O=C(N1C(=O)C(=O)c2ccccc12)c1ccccc1,51.0,4.292429823902063
156,O=C(OCc1ccccc1)N1C(=O)C(=O)c2ccccc12,51.0,4.292429823902063
157,Cc1ccc2N(Cc3cc(C)ccc3C)C(=O)C(=O)c2c1,51.0,4.292429823902063
158,Cc1ccc2N(Cc3ccc(Cl)cc3)C(=O)C(=O)c2c1,51.0,4.292429823902063
159,COc1cccc(CN2C(=O)C(=O)c3cc(C)ccc23)c1,20.9,4.679853713888946
160,Cc1ccc2N(Cc3ccccc3-c3ccccc3)C(=O)C(=O)c2c1,9.2,5.036212172654444
161,Clc1ccc(CN2C(=O)C(=O)c3cc(Cl)ccc23)cc1,31.2,4.505845405981558
162,COc1cccc(CN2C(=O)C(=O)c3cc(Cl)ccc23)c1,34.6,4.460923901207224
163,Clc1ccc2N(Cc3ccccc3)C(=O)C(=O)c2c1,46.9,4.328827157284917
164,Clc1ccc2N(C(=O)OCc3ccccc3)C(=O)C(=O)c2c1,51.0,4.292429823902063
183,CC(=O)N[C@@H](Cc1ccccc1)C(=O)N[C@@H](Cc1ccccc1)\C=C1/CCCN(c2ccccc2)S1(=O)=O,26.5,4.576754126063192
184,CC(C)C[C@H](NC(=O)N1CCOCC1)C(=O)N[C@@H](Cc1ccccc1)\C=C1/CCN(Cc2ccccc2)S1(=O)=O,48.4,4.315154638355588
185,CC(C)C[C@H](NC(=O)N1CCOCC1)C(=O)N[C@@H](Cc1ccccc1)\C=C1/CCCN(c2ccccc2)S1(=O)=O,31.4,4.503070351926785
187,CC(C)C[C@H](NC(=O)N1CCOCC1)C(=O)N[C@@H](Cc1ccccc1)\C=C1\CCCN(Cc2ccccc2)S1(=O)=O,23.6,4.627087997029894
188,CC(C)CC(NC(=O)N1CCOCC1)C(=O)NC(CCc1ccccc1)\C=C\S(=O)(=O)c1ccccc1,0.003,8.522878745280337
192,C\C(CC(=O)c1ccc(Cl)c(Cl)c1)=N/NC(=S)NCCNc1ccnc2cc(Cl)ccc12,2.415,5.617082864912469
193,C\C(CC(=O)c1ccc(Cl)c(Cl)c1)=N/NC(=S)NCCCNc1ccnc2cc(Cl)ccc12,4.416,5.354970935278858
198,C\C(CC(=O)c1ccc(Br)cc1)=N/NC(=S)NCCNc1ccnc2cc(Cl)ccc12,12.932,4.888334304060481
200,OC(=O)c1ccccc1N\N=C\c1ccc(\C=N\Nc2ccccc2C(O)=O)cc1,1.0,6.0
201,Oc1ccc(\C=N\c2ccc(\N=C\c3ccc(O)cc3O)c(Cl)c2)c(O)c1,2.1,5.6777807052660805
202,Oc1ccccc1C(=O)N\N=C\c1ccc(\C=N\NC(=O)c2ccccc2O)cc1,2.2,5.657577319177793
203,C\C(=N/NS(=O)(=O)c1ccc(C)cc1)c1c(O)c2ccccc2oc1=O,3.9,5.4089353929735005
204,Oc1cccc(\C=N\c2cccc3c(cccc23)\N=C/c2cccc(O)c2O)c1O,4.6,5.337242168318426
205,COC(=O)c1ccccc1NC(=O)COC(=O)CSc1nc(C)cc(C)n1,6.2,5.2076083105017466
206,O=C(NCc1ccc(\C=c2\sc3=NCCn3c2=O)o1)C(=O)Nc1ccccc1,6.2,5.2076083105017466
207,Oc1ccccc1\C=N\NC(=O)c1cccc(n1)C(=O)N\N=C\c1ccccc1O,7.0,5.154901959985743
208,Cc1cccc(NC(=O)CCC(=O)N\N=C\c2cc(Cl)ccc2O)c1,7.5,5.1249387366083
209,O=C(CSc1nnnn1-c1ccccc1)Nc1ccc(cc1)-n1cnnn1,7.5,5.1249387366083
210,CCCS(=O)(=O)N1CCN(CC1)S(=O)(=O)c1ccc2ccccc2c1,12.4,4.906578314837765
211,O=C(CN1C(=O)\C(=N/NC(=O)c2ccncc2)c2ccccc12)Nc1ccccc1,40.9,4.388276691992658
212,Fc1ccc(NC(=O)COc2ccc(\C=N/NC(=O)CC#N)cc2)cc1,5.7,5.2441251443275085
213,Oc1ccc(\C=N\CC\N=C\c2ccc(O)cc2O)c(O)c1,20.8,4.681936665037238
214,Oc1ccc(Nc2nc(cs2)-c2cccnc2)cc1,22.5,4.647817481888637
215,O=C(CNC(=O)[C@@H]1COc2ccccc2O1)N\N=C\c1cccs1,26.6,4.575118363368933
216,O=C(Cn1nnc(n1)-c1ccccc1)N\N=C1/C(=O)Nc2ccccc12,27.3,4.5638373529592435
217,Oc1ccc(\C=N/NC(=O)Cc2nnc(NC(=O)c3ccccc3)s2)cc1O,31.1,4.507239610973163
218,CCOP(=O)(CC(=O)NNC(=O)Nc1cccc2ccccc12)OCC,53.4,4.272458742971444
219,OC[C@H](O)\C=N\Nc1nc(Nc2ccccc2)nc(n1)N1CCCCC1,54.6,4.262807357295263
220,CCCc1cc(O)nc(SCC(=O)Nc2ccccc2)n1,59.9,4.2225731776106885
221,Oc1ccc(\C=N\NC(=O)CSc2ccc3ccccc3n2)c(O)c1,63.4,4.1979107421182675
224,COC1=CC(=O)N([C@H]1C)C(=O)\C=C\[C@H](C)NC(=O)[C@H](CC(C)C)NC(=O)[C@H](CC(C)C)NC(=O)[C@H](C(C)C)N(C)C,0.00678,8.168770306132936
225,CO[C@H]1CC(=O)N([C@H]1C)C(=O)\C=C\[C@H](C)NC(=O)[C@H](CC(C)C)NC(=O)[C@H](CC(C)C)NC(=O)[C@H](C(C)C)N(C)C,0.00281,8.55129368009492
226,COC1=CC(=O)N([C@H]1C)C(=O)CC[C@H](C)NC(=O)[C@H](CC(C)C)NC(=O)[C@H](CC(C)C)NC(=O)[C@H](C(C)C)N(C)C,3.71,5.430626090384954
228,CC[C@H](C)[C@H](N(C)C)C(=O)N[C@@H](CC(C)C)C(=O)N[C@@H](CC(C)C)C(=O)N[C@@H](C)\C=C\C(=O)N[C@@H](C)C(=O)NCc1ccccc1,10.5,4.978810700930062
229,CC[C@H](C)[C@H](N(C)C)C(=O)N[C@@H](CC(C)C)C(=O)N[C@@H](CC(C)C)C(=O)N[C@@H](C)\C=C\C(=O)N[C@@H](C)C(=O)N1C[C@@H](O)C[C@H]1C(=O)OC,7.7,5.113509274827519
231,CC(C)C[C@H](NC(=O)[C@H](CC(C)C)NC(=O)[C@H](C(C)C)N(C)C)C(=O)N[C@@H](C)\C=C\C(=O)N[C@@H](C)C(=O)Nc1nccs1,2.5,5.6020599913279625
232,CC(C)C[C@H](NC(=O)[C@H](CC(C)C)NC(=O)[C@@H](C(C)C)N(C)C)C(=O)N[C@@H](C)\C=C\C(=O)N[C@@H](C)C(=O)NCc1ccccc1,3.4,5.468521082957745
233,CC(C)C[C@H](NC(=O)[C@H](CC(C)C)NC(=O)[C@@H]1CCCN1C)C(=O)N[C@@H](C)\C=C\C(=O)N[C@@H](C)C(=O)NCc1ccccc1,6.0,5.221848749616356
236,COC1=CC(=O)N(C1)C(=O)\C=C\[C@H](C)NC(=O)[C@H](CC(C)C)NC(=O)[C@H](CC(C)C)NC(=O)[C@H](C(C)C)N(C)C,0.0248,7.605548319173784
237,COC1=CC(=O)N([C@H]1C(C)C)C(=O)\C=C\[C@H](C)NC(=O)[C@H](CC(C)C)NC(=O)[C@H](CC(C)C)NC(=O)[C@H](C(C)C)N(C)C,0.00952,8.021363051615525
238,COC1=CC(=O)N([C@H]1Cc1ccc(O)cc1)C(=O)\C=C\[C@H](C)NC(=O)[C@H](CC(C)C)NC(=O)[C@H](CC(C)C)NC(=O)[C@H](C(C)C)N(C)C,0.00525,8.279840696594043
239,COC1=CC(=O)N([C@H]1Cc1c[nH]c2ccccc12)C(=O)\C=C\[C@H](C)NC(=O)[C@H](CC(C)C)NC(=O)[C@H](CC(C)C)NC(=O)[C@H](C(C)C)N(C)C,0.012,7.920818753952375
240,CC(C)C[C@H](NC(=O)[C@H](CC(C)C)NC(=O)[C@H](C(C)C)N(C)C)C(=O)N[C@@H](C)\C=C\C(=O)N1CC(OCc2ccccc2)=CC1=O,0.00959,8.018181392829337
241,CC(C)C[C@H](NC(=O)[C@H](CC(C)C)NC(=O)[C@H](C(C)C)N(C)C)C(=O)N[C@@H](C)\C=C\C(=O)N1[C@@H](C(C)C)C(OCc2ccccc2)=CC1=O,0.00686,8.163675884293248
242,CC1CC(NCC(=O)NCN2CCOCC2)C(=O)N(C\C=C\S(=O)(=O)c2ccccc2)C1,0.035,7.455931955649724
243,CC1CC(NCC(=O)N2CCCC2CO)C(=O)N(C\C=C\S(=O)(=O)c2ccccc2)C1,0.027,7.568636235841013
244,CC1CC(NCC(=O)N2CCN(C)CC2)C(=O)N(C\C=C\S(=O)(=O)c2ccccc2)C1,0.0087,8.060480747381382
245,CC1CC(NCC(=O)N2CCN(CCO)CC2)C(=O)N(C\C=C\S(=O)(=O)c2ccccc2)C1,0.0092,8.036212172654444
246,CC1CC(NCC(=O)N2CCOCC2)C(=O)N(C\C=C\S(=O)(=O)c2ccccc2)C1,0.0035,8.455931955649724
247,CCOC(=O)C1CCN(CC1)C(=O)CNC1CC(C)CN(C\C=C\S(=O)(=O)c2ccccc2)C1=O,0.0069,8.161150909262744
248,CC1CC(NCC(=O)N2CCC(O)CC2)C(=O)N(C\C=C\S(=O)(=O)c2ccccc2)C1,0.0099,8.00436480540245
249,CC1CC(NCC(=O)N2CCC(CC2)N2CCCC2)C(=O)N(C\C=C\S(=O)(=O)c2ccccc2)C1,0.0067,8.173925197299173
250,CC1CC(NCS(=O)(=O)c2ccccc2)C(=O)N(C\C=C\S(=O)(=O)c2ccccc2)C1,0.14,6.853871964321762
251,CC(C)CC(NCC(=O)N1CCN(C)CC1)C(=O)N[C@@H](CCc1ccccc1)\C=C\S(=O)(=O)NOCc1ccccc1,0.0023,8.638272163982407
252,CC1CC(NCC(=O)N2CCOCC2)C(=O)N(C1)[C@@H](CCc1ccccc1)\C=C\S(=O)(=O)NOCc1ccccc1,0.0022,8.657577319177793
253,CC(C)CCNC(=O)CNC1CC(C)CN([C@@H](CCc2ccccc2)\C=C\S(=O)(=O)NOCc2ccccc2)C1=O,0.025,7.6020599913279625
254,CC1CC(NCC(=O)NCCN2CCOCC2)C(=O)N(C1)[C@@H](CCc1ccccc1)\C=C\S(=O)(=O)NOCc1ccccc1,0.014,7.853871964321762
255,CC1CC(NCC(=O)NCCCCCO)C(=O)N(C1)[C@@H](CCc1ccccc1)\C=C\S(=O)(=O)NOCc1ccccc1,0.016,7.795880017344075
256,CC1CC(NCC(=O)N2CCCC2CO)C(=O)N(C1)[C@@H](CCc1ccccc1)\C=C\S(=O)(=O)NOCc1ccccc1,0.0036,8.443697499232712
257,CC1CC(NCC(=O)N2CCN(CCO)CC2)C(=O)N(C1)[C@@H](CCc1ccccc1)\C=C\S(=O)(=O)NOCc1ccccc1,0.0025,8.602059991327963
258,CCOC(=O)C1CCN(CC1)C(=O)CNC1CC(C)CN([C@@H](CCc2ccccc2)\C=C\S(=O)(=O)NOCc2ccccc2)C1=O,0.0022,8.657577319177793
259,CC1CC(NCC(=O)NS(=O)(=O)c2ccccc2)C(=O)N(C1)[C@@H](CCc1ccccc1)\C=C\S(=O)(=O)NOCc1ccccc1,0.016,7.795880017344075
260,COc1ccc(OS(=O)(=O)\C=C\C(CCc2ccccc2)NC(=O)C(CC(C)C)NC(=O)N2CCOCC2)cc1,0.0007,9.154901959985743
261,COc1ccc(OS(=O)(=O)\C=C\C(CCc2ccccc2)NC(=O)C(CC(C)C)NC(=O)N2CCN(C)CC2)cc1,0.0019,8.721246399047171
262,CCOC(=O)C1CCN(CC1)C(=O)NC(CC(C)C)C(=O)NC(CCc1ccccc1)\C=C\S(=O)(=O)Oc1ccc(OC)cc1,0.0009,9.045757490560675
263,CC(C)CC(NC(=O)N1CCOCC1)C(=O)NC(CCc1ccccc1)\C=C\S(=O)(=O)Oc1ccc(F)cc1,0.0007,9.154901959985743
264,CC(C)CC(NC(=O)N1CCN(C)CC1)C(=O)NC(CCc1ccccc1)\C=C\S(=O)(=O)Oc1ccc(F)cc1,0.021,7.6777807052660805
265,CCOC(=O)C1CCN(CC1)C(=O)NC(CC(C)C)C(=O)NC(CCc1ccccc1)\C=C\S(=O)(=O)Oc1ccc(F)cc1,0.0009,9.045757490560675
266,CC(C)CC(NC(=O)N1CCOCC1)C(=O)NC(CCc1ccccc1)\C=C\S(=O)(=O)Oc1ccccc1,0.0007,9.154901959985743
267,CC(C)CC(NC(=O)N1CCN(C)CC1)C(=O)NC(CCc1ccccc1)\C=C\S(=O)(=O)Oc1ccccc1,0.35,6.455931955649724
268,CCOC(=O)C1CCN(CC1)C(=O)NC(CC(C)C)C(=O)NC(CCc1ccccc1)\C=C\S(=O)(=O)Oc1ccccc1,0.0007,9.154901959985743
269,CC(C)CC(NC(=O)N1CCCC1CO)C(=O)NC(CCc1ccccc1)\C=C\S(=O)(=O)Oc1ccccc1,0.0008,9.096910013008056
270,CC(C)CC(NC(=O)N1CCCC1CO)C(=O)NC(CCc1ccccc1)\C=C\S(=O)(=O)Oc1ccc(F)cc1,0.0009,9.045757490560675
271,COc1ccc(OS(=O)(=O)\C=C\C(CCc2ccccc2)NC(=O)C(CC(C)C)NC(=O)N2CCCC2CO)cc1,0.0009,9.045757490560675
272,O=C(CNC(Cc1ccccc1)C(=O)N[C@@H](CCc1ccccc1)\C=C\S(=O)(=O)NOCc1ccccc1)NCN1CCOCC1,0.11,6.958607314841775
273,CC(C)CCNC(=O)CNC(Cc1ccccc1)C(=O)N[C@@H](CCc1ccccc1)\C=C\S(=O)(=O)NOCc1ccccc1,0.12,6.920818753952375
274,OCC1CCCN1C(=O)CNC(Cc1ccccc1)C(=O)N[C@@H](CCc1ccccc1)\C=C\S(=O)(=O)O[Ar],0.071,7.1487416512809245
275,OCCCCCNC(=O)CNC(Cc1ccccc1)C(=O)N[C@@H](CCc1ccccc1)\C=C\S(=O)(=O)NOCc1ccccc1,0.12,6.920818753952375
276,CN1CCN(CC1)C(=O)CNC(Cc1ccccc1)C(=O)N[C@@H](COc1ccccc1)\C=C\S(=O)(=O)NOCc1ccccc1,0.12,6.920818753952375
277,CCOC(=O)C1CCN(CC1)C(=O)CNC(Cc1ccccc1)C(=O)N[C@@H](COc1ccccc1)\C=C\S(=O)(=O)NOCc1ccccc1,0.056,7.251811972993799
278,CC(C)CCNC(=O)CNC(Cc1ccccc1)C(=O)N[C@@H](COc1ccccc1)\C=C\S(=O)(=O)NOCc1ccccc1,0.29,6.537602002101044
279,O=C(CNC(Cc1ccccc1)C(=O)N[C@@H](COc1ccccc1)\C=C\S(=O)(=O)NOCc1ccccc1)NCC1CCCCC1,0.23,6.638272163982407
280,O=C(CNC(Cc1ccccc1)C(=O)N[C@@H](COc1ccccc1)\C=C\S(=O)(=O)NOCc1ccccc1)NCc1ccccc1,0.13,6.886056647693163
282,C=C(OCc1ccccc1)N1CCC[C@H]1C(=O)N[C@@H](CCc1ccccc1)C(=O)CSCCCc1ccccc1,48.13,4.317584138322641
293,CC(=O)OCC(=O)[C@H](CCc1ccccc1)NC(=O)C1(CCSCC1)N(=O)OCc1ccccc1,33.86,4.4703130462270835
294,OCC(=O)[C@H](CCc1ccccc1)NC(=O)C1(CCSCC1)N(=O)OCc1ccccc1,3.25,5.488116639021126
295,CC(=O)OCC(=O)[C@H](CCc1ccccc1)NC(=O)[C@H](CCc1ccccc1)NC(=O)OCc1ccccc1,29.67,4.527682453683158
296,OCC(=O)[C@H](CCc1ccccc1)NC(=O)[C@H](CCc1ccccc1)NC(=O)OCc1ccccc1,30.08,4.521722168080395
298,OCC(=O)[C@H](CCc1ccccc1)NC(=O)C1C2CC(C=C2)C1NC(=O)OCc1ccccc1,33.64,4.473144012874125
299,OCC(=O)[C@H](CCc1ccccc1)NC(=O)[C@@H]1C[C@@H](O)CN1C(=O)OCc1ccccc1,0.08,7.096910013008056
300,O[C@@H]1C[C@H](N(C1)C(=O)OCc1ccccc1)C(=O)N[C@@H](CCc1ccccc1)C(=O)CSCCCc1ccccc1,1.1,5.958607314841775
303,Cc1ccc(Sc2ccc(NC(=O)n3nc(C(O)=O)c4ccccc4c3=O)cc2)c(C)c1,1.39,5.856985199745905
304,Cc1cc(NC(=O)Cn2nnc(n2)-c2ccc(NC(=O)c3ccc(F)cc3)cc2)no1,2.18,5.661543506395395
305,CCOc1cccc(c1)C1=C(C(=O)c2ccc3OCCOc3c2)C(=O)C(=O)N1c1nc2ccc(OC)cc2s1,3.26,5.486782399932061
306,O=C(CSc1nnc(Cc2ccccc2)n1-c1ccccc1)N1CCc2ccccc12,4.59,5.338187314462739
307,[H][C@](Cc1ccccc1)(N1COc2ccc3c(oc(C)c(-c4ccc5OCCOc5c4)c3=O)c2C1)C(=O)OC,7.51,5.124360062995832
308,Cc1nonc1NC(=O)CSc1nc(nc2ccccc12)C1(C)CC2CC3CC(C2)C13,7.85,5.105130343254747
309,COc1ccc(cc1)C(=O)Nc1ccc2nc(SCC(=O)c3ccccc3)sc2c1,10.32,4.986320302708807
310,Fc1ccc(cc1)-c1cc(nc(SCC(=O)c2cccs2)c1C#N)-c1cccs1,11.58,4.936291440608582
311,C[C@@H](Sc1nc2CCCCc2n1C(=O)c1ccc(NC(C)=O)cc1)C(=O)c1ccc(Cl)cc1,11.86,4.925915310971757
312,OC(=O)c1ccccc1NC(=O)C(=O)\C=C(/O)c1ccccc1NC1=CC(=O)C(=O)c2ccccc12,15.11,4.820735535660974
313,Cc1ccc(C)c(c1)C1[C@@H](N2C(C=Cc3ccccc23)C1(C#N)C#N)C(=O)c1ccccc1,20.87,4.680477550934546
314,CCOc1ccc2nc(NC(=O)C(\O)=C(/c3cnc4ccccc4n3)[N+]([O-])=O)sc2c1,23.81,4.62324060459512
315,CC1=C(C(c2cccs2)C(C#N)=C(N1)SCC(=O)c1ccc(Cl)cc1)C(=O)Nc1ccccc1C,25.25,4.597738617545319
316,O=C(NC(c1ccccc1)c1ccccc1)[C@H](N1CC(=O)C1)c1ccc2OCOc2c1,25.96,4.585695311871668
317,COc1ccc(cc1)-c1nc(SCC(=O)c2ccc(Cl)cc2)[nH]c1-c1ccc(OC)cc1,25.99,4.585193720498988
318,O=C([C@@H]1Nc2ccccc2-c2nnc(SCc3ccccc3)nc2O1)c1ccccc1,28.66,4.542723813938674
319,OC(=O)c1ccccc1NC(=O)CSc1nc2scc(-c3ccco3)c2c(=O)n1-c1ccccc1,32.85,4.4834646261042
320,FC(F)(F)c1cccc(NC(=O)CSC2=N\C(=C\c3ccccc3)C(=O)N2c2ccccc2)c1,37.34,4.4278256863869405
321,CN1CCN(CC1)C(=S)SCC(=O)NC1c2ccccc2-c2ccccc12,44.94,4.34736693191689
322,COC(=O)CC(=O)CSc1nc(cc(-c2ccc(OC)cc2)c1C#N)-c1cccs1,46.97,4.3281794398167515
323,CC(=O)CSc1nnc(CN2C(C(N=C2c2cccs2)c2ccccc2)c2ccccc2)n1C,49.18,4.308211475597302
330,COc1ccc(C(=O)\C=C\c2cccc(OCC#C)c2)c(OC)c1OC,19.0,4.721246399047171
358,CC(C)CCNC(=O)[C@H](CC(C)C)NC=C1C(=O)Nc2ccc(Cl)cc12,44.1,4.355561410532162
359,CC(C)CCNC(=O)[C@H](CC(C)C)NC=C1C(=O)Nc2cc(Cl)ccc12,48.5,4.314258261397736
360,CC(C)CCNC(=O)[C@H](CC(C)C)NC=C1C(=O)Nc2c1cccc2Cl,42.1,4.375717904164332
361,CC(C)CCNC(=O)[C@H](CC(C)C)NC=C1C(=O)N(C)c2ccccc12,51.0,4.292429823902063
362,CC(C)CCNC(=O)CNC=C1C(=O)Nc2ccccc12,51.0,4.292429823902063
363,CC(C)CCNC(=O)[C@H](CCc1ccccc1)NC=C1C(=O)Nc2ccccc12,49.9,4.30189945437661
364,CC(C)CCNC(=O)[C@H](Cc1ccccc1)NC=C1C(=O)Nc2ccc(Cl)cc12,43.3,4.363512103646634
365,CC(C)CCNC(=O)[C@H](CCc1ccccc1)NC=C1C(=O)Nc2c1cccc2Cl,44.0,4.356547323513813
392,O=C(CNc1ccccc1)N1CCN(CC1)C(=O)c1ccccc1,80.2,4.095825631715837
393,Fc1ccccc1C(=O)N1CCN(CC1)C(=O)CNc1ccccc1,90.7,4.042392712939905
397,Cc1ccccc1C(=O)N1CCN(CC1)C(=O)CNc1ccccc1,55.6,4.2549252084179425
398,Cc1cccc(c1)C(=O)N1CCN(CC1)C(=O)CNc1ccccc1,65.1,4.186419011431808
399,Cc1ccc(cc1)C(=O)N1CCN(CC1)C(=O)CNc1ccccc1,45.1,4.345823458122039
400,COc1ccccc1C(=O)N1CCN(CC1)C(=O)CNc1ccccc1,72.2,4.141462802430361
401,COc1cccc(c1)C(=O)N1CCN(CC1)C(=O)CNc1ccccc1,75.1,4.124360062995832
402,COc1ccc(cc1)C(=O)N1CCN(CC1)C(=O)CNc1ccccc1,75.5,4.1220530483708115
405,CCc1ccc(cc1)C(=O)N1CCN(CC1)C(=O)CNc1ccccc1,48.7,4.3124710387853655
406,CCOc1ccccc1C(=O)N1CCN(CC1)C(=O)CNc1ccccc1,49.1,4.308918507877031
414,FC(F)(F)Oc1ccc(C=C2SC(=O)N(CC(=O)N3CCN(CC3)c3ccccc3)C2=O)cc1,13.44,4.871600731282194
415,FC(F)(F)c1ccc(C=C2SC(=O)N(CC(=O)N3CCN(CC3)c3ccccc3)C2=O)cc1,18.04,4.743763466794078
416,Clc1ccccc1C=C1SC(=O)N(CC(=O)N2CCN(CC2)c2ccccc2)C1=O,15.8,4.801342913045577
417,Brc1ccccc1C=C1SC(=O)N(CC(=O)N2CCN(CC2)c2ccccc2)C1=O,23.88,4.6219656775426685
418,CC(C)c1cccc(C=C2SC(=O)N(CC(=O)N3CCN(CC3)c3ccccc3)C2=O)c1,23.89,4.6217838502501225
419,FC(F)(F)c1ccc(c(C=C2SC(=O)N(CC(=O)N3CCN(CC3)c3ccccc3)C2=O)c1)C(F)(F)F,35.28,4.452471423540218
420,FC(F)(F)Oc1ccccc1C=C1SC(=O)N(CC(=O)N2CCN(CC2)c2ccccc2)C1=O,35.28,4.452471423540218
421,FC(F)(F)Oc1cccc(C=C2SC(=O)N(CC(=O)N3CCN(CC3)c3ccccc3)C2=O)c1,44.97,4.347077112432058
422,Fc1cccc(C=C2SC(=O)N(CC(=O)N3CCN(CC3)c3ccccc3)C2=O)c1,33.25,4.478208350360877
427,Cc1ccc(C=C2SC(=O)N(CC(=O)N3CCN(CC3)c3ccccc3)C2=O)cc1,45.71,4.339988778710669
428,Cc1cccc(C=C2SC(=O)N(CC(=O)N3CCN(CC3)c3ccccc3)C2=O)c1,45.33,4.3436142809413125
429,O=C(CN1C(=O)SC(=Cc2ccccc2)C1=O)N1CCN(CC1)c1ccccc1,38.8,4.411168274405793
437,COc1cc(OC)c(C=C2SC(=O)N(CC(=O)N3CCN(CC3)Oc3ccccc3)C2=O)c(OC)c1,33.75,4.471726222832956
438,COc1cc(OC)c(C=C2SC(=O)N(CC(=O)N3CCN(CC3)c3ccccc3Cl)C2=O)c(OC)c1,12.64,4.898252926053634
439,COc1cc(OC)c(C=C2SC(=O)N(CC(=O)N3CCN(CC3)c3cccc(Cl)c3)C2=O)c(OC)c1,16.25,4.789146634685107
440,COc1cc(OC)c(C=C2SC(=O)N(CC(=O)N3CCN(CC3)c3ccc(Cl)cc3)C2=O)c(OC)c1,11.23,4.949620243738543
441,COc1cc(OC)c(C=C2SC(=O)N(CC(=O)N3CCN(CC3)c3ccc(cc3)C#N)C2=O)c(OC)c1,12.24,4.912218582190458
442,COc1cc(OC)c(C=C2SC(=O)NC2=O)c(OC)c1,47.84,4.320208829019646
445,COc1cc(OC)c(C=C2SC(=O)N(Cc3ccccc3)C2=O)c(OC)c1,36.24,4.440811810995225
446,COc1cc(OC)c(C=C2SC(=O)N(Cc3ccc(C)cc3)C2=O)c(OC)c1,43.35,4.363010898187771
447,COc1cc(OC)c(C=C2SC(=O)N(Cc3ccc(F)cc3F)C2=O)c(OC)c1,29.08,4.536405597813
451,COc1cc(OC)c(C=C2SC(=O)N(C2=O)C23CC4CC(CC(C4)C2)C3)c(OC)c1,29.08,4.536405597813
476,[O-][N+](=O)c1cccc(c1)C(=O)\C=C\c1cccc2ccccc12,12.0,4.920818753952375
479,[O-][N+](=O)c1cccc(\C=C\C(=O)c2ccc3ccccc3c2)c1,19.1,4.718966632752273
480,CC1CCC(O1)\C=C\C(=O)c1ccc2OCOc2c1,11.2,4.950781977329818
482,[O-][N+](=O)c1cccc(\C=C\C(=O)c2ccc3OCOc3c2)c1,14.8,4.8297382846050425
483,[O-][N+](=O)c1cccc(c1)C(=O)\C=C\c1ccc2OCOc2c1,8.5,5.070581074285707
484,COc1cc(OC)c(\C=C\C(=O)c2cccc(c2)[N+]([O-])=O)cc1OC,9.5,5.022276394711152
486,COc1cc(OC)c(cc1OC)C(=O)\C=C\c1ccc(o1)-c1cc(ccc1Cl)C(F)(F)F,4.9,5.309803919971486
493,C(CCCCNc1c2CCCCc2nc2ccccc12)CCCNc1c2CCCCc2nc2ccccc12,17.1,4.767003889607846
494,C(CCCCNc1c2CCCCc2nc2ccccc12)CCCCNc1c2CCCCc2nc2ccccc12,11.5,4.939302159646388
495,Clc1ccc2c(NCCCCCCNc3c4CCCCc4nc4cc(Cl)ccc34)c3CCCCc3nc2c1,17.3,4.761953896871205
496,CC1CCc2c(C1)nc1ccc(cc1c2NCCCCCCNc1c2CCC(C)Cc2nc2ccc(cc12)[N+]([O-])=O)[N+]([O-])=O,5.2,5.2839966563652006
497,COc1ccc2nc3CCCCc3c(NCCCCCCCCCNc3c4CCCCc4nc4ccc(OC)cc34)c2c1,14.9,4.826813731587726
512,CCCCOC(=O)C1C(Oc2c1c(\C=C\C(=O)OC(Cc1ccc(O)c(O)c1)C(O)=O)ccc2O)c1ccc(O)c(O)c1,3.18,5.497572880015567
513,COC(=O)C(Cc1ccc(O)c(O)c1)OC(=O)\C=C\c1ccc(O)c2OC(C(C(=O)OC)c12)c1ccc(O)c(O)c1,3.77,5.423658649794207
514,Oc1ccc(cc1)C1CCc2c(O)cc3OC4(Oc5cc(O)cc(O)c5C(=O)C4(O)c3c2O1)c1ccc(O)cc1,5.23,5.281498311132726
515,CCOC(=O)c1c(O)cc(O)c2CCC(Oc12)c1ccc(O)cc1,9.12,5.0400051616715835
516,OC1OC(OC2C(Oc3cc(O)cc(O)c3C2=O)c2ccc(O)c(O)c2)C(O)C(O)C1O,15.74,4.802995271976954
517,COc1cc(OC2OC(COC3OCC(O)C(O)C3O)C(O)C(O)C2O)c2c(c1)oc(cc2=O)-c1ccc(O)cc1,17.13,4.766242637034489
518,OC1C(Oc2cc(O)cc(O)c2C1=O)c1cc(O)c(O)c(O)c1,44.81,4.348625056086957
519,CC1OC(OC2C(O)C(COC(=O)\C=C\c3ccc(O)c(O)c3)OC3OCC(OC23)c2ccc(O)c(O)c2)C(O)C(O)C1O,53.12,4.274741933640039
520,Oc1cc(O)c2C(=O)CC(Oc2c1)c1cc(O)c(O)c(O)c1,56.92,4.244735108587753
521,COC(=O)CC1OC(Oc2c(oc3cc(O)cc(O)c3c2=O)-c2cc(OC)c(O)c(OC)c2)C(O)C(O)C1O,68.19,4.1662793095553665
522,O=C(CCc1ccc(cc1)S(=O)(=O)NCCc1ccccc1)Nc1ccc2OCCOc2c1,54.2,4.266000713461613
528,Fc1ccc(NS(=O)(=O)c2ccc(CCC(=O)Nc3ccc4OCCOc4c3)cc2)cc1Cl,13.2,4.87942606879415
529,O=C(CCc1ccc(cc1)S(=O)(=O)NCCc1ccccc1)Nc1nc2ccccc2s1,8.9,5.050609993355088
532,CCc1nnc(NC(=O)CCc2ccc(cc2)S(=O)(=O)NCCc2ccccc2)s1,8.1,5.0915149811213505
535,O=C(CCc1ccc(cc1)S(=O)(=O)NCCc1ccccc1)Nc1nc(cs1)-c1ccccc1,2.7,5.568636235841013
536,CCc1nnc(NC(=O)CCc2ccc(cc2)S(=O)(=O)Nc2ccc(F)c(Cl)c2)s1,9.8,5.008773924307505
537,CCc1nnc(NC(=O)CCc2ccc(cc2)S(=O)(=O)Nc2ccc(F)cc2)s1,7.0,5.154901959985743
538,NC(=O)c1c(NCC(=O)CSc2nc3scc(-c4ccccc4)c3c(=O)n2CC=C)sc2CCCc12,2.4,5.619788758288394
539,CC(Sc1nc(n[nH]1)-c1ccccc1O)C(=O)Nc1cccc(Cl)c1,5.8,5.236572006437063
540,Cc1c(Cl)cccc1-c1ccc(\C=N\Nc2nncn2\N=C/c2ccc(o2)-c2cccc(Cl)c2C)o1,6.4,5.1938200260161125
541,OC(=O)c1cc(ccc1Cl)-c1ccc(\C=C2\SC(=O)N(CC(=O)Nc3ccc4OCOc4c3)C2=O)o1,10.9,4.962573502059376
542,Clc1ccc(cc1Cl)-c1ccc(\C=N\NC(=O)CNC(=O)COc2ccc3ccccc3c2)o1,13.2,4.87942606879415
543,CCOC(=O)c1ccc(NC(=O)CSc2nnc(-c3ccccc3Br)n2CC)cc1,17.1,4.767003889607846
544,O=C(NC(Cc1c[nH]c2ccccc12)C(=O)NCc1ccccc1)Oc1ccccc1,29.7,4.527243550682788
546,CCOC(=O)c1c(CC(=O)CSc2nnc3sc4ccccc4n23)scc1-c1ccc(cc1)-c1ccccc1,15.0,4.823908740944319
547,Cc1nnc(SCC(=O)Nc2ccc3nc(SCc4cccc5ccccc45)sc3c2)s1,15.0,4.823908740944319
573,Oc1cc(O)c2c(c1)oc(cc2=O)-c1ccc(O)c(O)c1,0.1,7.0
574,Oc1ccc(cc1)-c1oc2cc(O)cc(O)c2c(=O)c1O,0.2,6.698970004336019
575,Oc1cc(O)c2c(c1)oc(-c1cc(O)c(O)c(O)c1)c(O)c2=O,0.1,7.0
576,Oc1cc(O)c2c(c1)oc(-c1ccc(O)c(O)c1)c(O)c2=O,0.3,6.522878745280337
577,Oc1ccc(c(O)c1)-c1oc2cc(O)cc(O)c2c(=O)c1O,0.2,6.698970004336019
579,Oc1ccc2c(c1)oc(-c1ccc(O)c(O)c1)c(O)c2=O,0.3,6.522878745280337
